Record ID,Current Institution    List the person's current institution. Select the name of the insitutation from the drop down (list is in alphabetical order). 
1,Columbia University
2,Columbia University
3,Columbia University
4,Columbia University
5,Columbia University
6,Columbia University
7,Columbia University
8,Columbia University
9,Columbia University
10,Boston Children's Hospital
11,Penn State University
12,MDI Biological Laboratory
13,University of Florida
14,Cedars-Sinai Medical Center
15,Stanford University
16,Loyola University Chicago
17,Columbia University
18,Columbia University
19,Columbia University
20,University of Pittsburgh
21,University of Pittsburgh
22,University of Pittsburgh
23,University of Pittsburgh
24,University of Pittsburgh
25,University of Pittsburgh
26,University of Pittsburgh
27,VA Boston
28,University of Pittsburgh
29,University of Pittsburgh
30,University of Pittsburgh
31,University of Pittsburgh
32,Southern Illinois University
33,University of Pittsburgh
34,University of Pittsburgh
35,Case Western Reserve University
36,University of Pittsburgh
37,University of Pittsburgh
38,University of Wisconsin-Madison
39,University of Massachusetts Boston
40,University of Wisconsin-Madison
41,University of Texas Southwestern
42,University of Wisconsin-Madison
43,University of Wisconsin-Madison
45,University of Wisconsin-Madison
46,University of Wisconsin-Madison
47,Macon & Joan Brock Virginia Health Sciences at Old Dominion University
48,University of Wisconsin-Madison
49,University of Wisconsin-Madison
50,University of Wisconsin-Madison
51,Exact Sciences
52,University of Wisconsin-Madison
53,University of Wisconsin-Madison
55,University of Wisconsin-Madison
57,University of Massachusetts Boston
58,University of Wisconsin-Madison
59,University of Wisconsin-Madison
60,University of Wisconsin-Madison
61,University of Wisconsin-Madison
62,University of Wisconsin-Madison
63,University of Wisconsin-Madison
64,Wake Forest University
65,University of Wisconsin-Madison
66,University of Wisconsin-Madison
67,University of Massachusetts Boston
68,University of Wisconsin-Madison
69,University of Wisconsin-Madison
70,Johns Hopkins University
71,University of Wisconsin-Madison
72,Touro College of Osteopathic Medicine
73,University of Wisconsin-Madison
74,University of Wisconsin-Madison
75,"University of California, San Francisco"
76,University of Wisconsin-Madison
77,University of Iowa
78,University of Michigan
79,Stanford University
80,Stanford University
81,Stanford University
82,Stanford University
83,Stanford University
84,Stanford University
85,Stanford University
86,Stanford University
87,Stanford University
88,Stanford University
89,Stanford University
90,Stanford University
92,Duke University
93,Duke University
94,ViiV Healthcare
95,Duke University
96,Duke University
97,Duke University
98,Duke University
99,Duke University
100,Korea University
101,Duke University
102,Duke University
103,Duke University
104,Duke University
105,University of Wisconsin-Madison
106,University of Wisconsin-Madison
107,University of Wisconsin-Madison
108,University of Wisconsin-Madison
109,University of Wisconsin-Madison
110,University of Wisconsin-Madison
111,University of Wisconsin-Madison
112,University of Wisconsin-Madison
113,University of Wisconsin-Madison
114,University of Wisconsin-Madison
115,University of Wisconsin-Madison
116,University of Wisconsin-Madison
117,"University of California, San Francisco"
118,"University of California, San Francisco"
119,"University of California, San Francisco"
120,"University of California, San Francisco"
121,University of Alabama at Birmingham
122,"University of California, San Francisco"
123,Stanford University
124,University of Michigan
125,University of Michigan
126,University of Michigan
127,NYU Langone Health
128,University of Michigan
129,University of Michigan
130,Albert Einstein College of Medicine
131,Albert Einstein College of Medicine
132,Albert Einstein College of Medicine
133,Albert Einstein College of Medicine
134,Albert Einstein College of Medicine
135,"Beaumont Hospital, Royal Oak"
136,"Beaumont Hospital, Royal Oak"
137,"Beaumont Hospital, Royal Oak"
138,Washington University in St. Louis
139,Michigan State University
140,"Beaumont Hospital, Royal Oak"
141,University of Texas Southwestern
142,"Beaumont Hospital, Royal Oak"
143,"Beaumont Hospital, Royal Oak"
144,NIH
146,Michigan State University
147,Michigan State University
148,Michigan State University
149,Michigan State University
150,Michigan State University
151,"Beaumont Hospital, Royal Oak"
152,"Beaumont Hospital, Royal Oak"
154,Children's Hospital of Philadelphia
155,University of Pennsylvania
156,University of Pennsylvania
157,University of Chicago
158,University of Pennsylvania
159,Children's Hospital of Philadelphia
160,University of Pennsylvania
161,Downstate Health Sciences University
162,University of Pennsylvania
163,Columbia University
164,Insight Medical Genetics
165,Columbia University
166,Columbia University
167,Columbia University
168,Columbia University
169,Columbia University
170,Duke University
171,Virginia Tech
172,Duke University
173,Duke University
174,Duke University
175,University of Florida
176,Harvard University
177,Harvard University
178,Harvard University
179,Harvard University
180,Harvard University
181,Harvard University
182,Harvard University
183,Medical College of Wisconsin
184,Medical College of Wisconsin
185,Medical College of Wisconsin
186,Medical College of Wisconsin
187,Medical College of Wisconsin
189,Medical College of Wisconsin
190,Medical College of Wisconsin
191,Medical College of Wisconsin
192,Medical College of Wisconsin
193,University of Illinois Chicago
194,Medical College of Wisconsin
195,University of Florida
196,Medical College of Wisconsin
197,Medical College of Wisconsin
198,NorthShore University HealthSystem
199,Purdue University
200,NorthShore University HealthSystem
201,NorthShore University HealthSystem
202,Purdue University
203,George Washington University
204,NorthShore University HealthSystem
205,Purdue University
206,NorthShore University HealthSystem
207,University of Alabama at Birmingham
208,University of Alabama at Birmingham
209,University of Alabama at Birmingham
210,University of Alabama at Birmingham
211,University of Texas Southwestern
212,University of Alabama at Birmingham
213,University of Alabama at Birmingham
214,University of Alabama at Birmingham
215,University of Alabama at Birmingham
216,University of Alabama at Birmingham
217,University of Alabama at Birmingham
218,University of Alabama at Birmingham
219,University of Pittsburgh
220,University of Tennessee HSC
221,University of Tennessee HSC
222,University of Tennessee HSC
223,University of Tennessee HSC
224,Medical University of South Carolina
225,University of Tennessee HSC
226,University of Tennessee HSC
227,Vanderbilt University
228,Vanderbilt University
229,Vanderbilt University
230,NIH
231,Vanderbilt University
232,Vanderbilt University
233,Syneos Health
234,Vanderbilt University
235,Vanderbilt University
236,Vanderbilt University
237,Vanderbilt University
238,Vanderbilt University
239,Vanderbilt University
240,Vanderbilt University
241,Baylor College of Medicine
242,Washington University in St. Louis
243,Washington University in St. Louis
244,Washington University in St. Louis
245,University of Alabama at Huntsville
246,University of Alabama at Huntsville
247,University of Alabama at Huntsville
248,University of Alabama at Huntsville
249,Duke University
250,University of Alabama at Huntsville
251,Houston Methodist Hospital
252,Houston Methodist Hospital
253,Houston Methodist Hospital
254,Houston Methodist Hospital
255,University of Colorado
256,University of Wisconsin-Madison
257,University of Michigan
260,Contract - GR Thomas Advisors LLC
261,University of Wisconsin-Madison
262,Children's Mercy Hospital
263,University of Vermont
264,University of Texas Southwestern
265,University of Pittsburgh
266,University of Arkansas
267,NIH
268,NIDDK
269,NIDDK
270,
271,University of Wisconsin-Madison
272,University of Vermont
273,Duke University
274,
275,Harvard University
276,
277,University of Alabama at Birmingham
278,Cornell University
279,NIH
280,NIH
281,NIH
282,NIH
283,NIH
284,NIH
285,NIH
286,NIH
287,NIH
288,NIH
289,Augusta University
290,NIH
291,NIH
292,NIH
293,University of Wisconsin-Madison
294,Harvard University
295,Stanford University
296,Washington University in St. Louis
297,NorthShore University HealthSystem
298,Albert Einstein College of Medicine
299,Vanderbilt University
301,University of Pennsylvania
302,Medical College of Wisconsin
303,"University of California, San Francisco"
304,University of Michigan
305,University of Wisconsin-Madison
306,Northwestern University
307,University of Southern California
308,University of Southern California
309,University of Washington
310,University of Wisconsin-Madison
311,University of Wisconsin-Madison
312,University of Wisconsin-Madison
313,University of Wisconsin-Madison
314,Children's Hospital of Eastern Ontario
315,Indiana University Bloomington
316,Institut Pasteur
317,University of Wisconsin-Madison
318,University of Wisconsin-Madison
320,University of Massachusetts Boston
322,Medical College of Wisconsin
323,University of Wisconsin-Madison
324,University of Wisconsin-Madison
325,University of Wisconsin-Madison
326,Children's Hospital of Philadelphia
327,University of Notre Dame
328,University of Florida
329,Vanderbilt University
332,Albert Einstein College of Medicine
333,Albert Einstein College of Medicine
334,Angkor Hospital for Children
335,Augusta University
336,Baylor College of Medicine
337,Baylor College of Medicine
338,Boston University
339,Case Western Reserve University
340,Children's Mercy Hospital
341,CHU Dijon
342,Cleveland Clinic
343,Yale University
344,Dartmouth Hitchcock Medical Center
345,University of Texas at Austin
346,Duke University
347,Northwestern University
349,Duke University
350,Duke University
351,Duke University
352,Duke University
353,University of Wisconsin-Madison
354,Harvard University
355,Harvard University
357,Harvard University
358,Harvard University
359,Harvard University
360,Harvard University
361,Harvard University
362,Industry
363,Industry
364,Industry
365,Life Management Science Labs
366,Loyola University Chicago
367,Loyola University Chicago
368,Montefiore Medical Center
369,Montefiore Medical Center
372,Michigan State University
373,Nationwide Children's Hospital
374,Nigeria
380,Non-profit
382,NewYork-Presbyterian
383,NewYork-Presbyterian
384,Oregon Health and Science University
385,Ohio State University
386,Ohio State University
387,Plano West HS
389,Stanford University
390,Stanford University
393,University of Texas Health Science Center at Houston
394,University of Alabama at Huntsville
395,"University of California, San Diego"
396,"University of California, San Diego"
397,University of Abuja
398,University at Buffalo
399,University of Chicago
400,University of Colorado
401,University of Colorado
402,University of Colorado
403,University of Florida
404,University of Manchester
406,Children's Hospital of Philadelphia
407,University of Pittsburgh
408,University of Pittsburgh
409,University of Pittsburgh
410,University of Pittsburgh
411,University of Queensland
412,University of Washington
414,University of Texas at Dallas
415,University of Texas at Dallas
416,University of Texas at Dallas
417,University of Texas at Dallas
418,University of Texas at Dallas
420,University of Wisconsin-Madison
421,VA Boston
422,Vanderbilt University
423,Vanderbilt University
425,Wake Forest University
426,Columbia University
427,Duke University
428,Georgetown University
429,Duke University
431,Cornell University
432,Cornell University
434,Joseph Sarwuan Tarka University
436,Western University
437,Medical College of Wisconsin
438,Virginia Commonwealth University
439,Indiana University Bloomington
440,University of Michigan
441,University of Utah
442,"Beaumont Hospital, Royal Oak"
444,University of Wisconsin-Madison
445,University of Wisconsin-Madison
446,University of Wisconsin-Madison
447,University of Wisconsin-Madison
448,University of Wisconsin-Madison
449,University of Wisconsin-Madison
450,University of Wisconsin-Madison
451,University of Wisconsin-Madison
452,University of Wisconsin-Madison
453,University of Wisconsin-Madison
454,University of Wisconsin-Madison
455,University of Wisconsin-Madison
456,University of Wisconsin-Madison
457,University of Wisconsin-Madison
458,University of Wisconsin-Madison
459,University of Wisconsin-Madison
460,University of Wisconsin-Madison
461,University of Wisconsin-Madison
462,University of Wisconsin-Madison
463,University of Wisconsin-Madison
464,University of Wisconsin-Madison
465,University of Wisconsin-Madison
466,University of Wisconsin-Madison
467,University of Wisconsin-Madison
468,University of Wisconsin-Madison
469,University of Wisconsin-Madison
471,University of Wisconsin-Madison
473,University of Wisconsin-Madison
474,University of Wisconsin-Madison
475,St. Norbert College
476,University of Wisconsin-Madison
477,University of Wisconsin-Madison
478,University of Wisconsin-Madison
479,University of Wisconsin-Madison
480,University of Wisconsin-Madison
481,University of Wisconsin-Madison
482,University of Wisconsin-Madison
483,University of Wisconsin-Madison
484,University of Wisconsin-Madison
485,University of Texas Southwestern
486,Northwestern University
487,Loyola University Chicago
488,NIH
489,Medical College of Wisconsin
490,Indiana University Bloomington
491,Indiana University Bloomington
492,Indiana University Bloomington
493,Cleveland Clinic
495,Boston Children's Hospital
496,"University of California, San Francisco"
497,University of Wisconsin-Madison
498,Stanford University
499,University of Minnesota
500,"University of California, Los Angeles"
501,Ohio State University
502,Western University
503,Lawson Health Research Institute
504,"University of California, San Diego"
505,Indiana University Bloomington
506,Yale University
507,Urobiome Therapeutics
508,Stanford University
509,Loyola University Chicago
510,Columbia University
511,University of Pittsburgh
512,University of Pittsburgh
513,Stanford University
514,Northwestern University
515,Stanford University
516,Stanford University
517,Stanford University
518,University of Wisconsin-Madison
519,University of Wisconsin-Madison
520,University of Wisconsin-Madison
521,University of Massachusetts Boston
522,University of Wisconsin-Madison
523,University of Wisconsin-Madison
524,University of Stirling
525,University of Reading
526,Oregon Health and Science University
527,Arbor Research Collaborative for Health
528,Stanford University
529,Creighton University School of Medicine
530,"University of California, San Diego"
531,Mt. Calvary Center for Leadership Development
532,University of Pittsburgh
533,NIH
534,Illinois Institute of Technology
535,Creighton University School of Medicine
536,NICHD
537,Medical College of Wisconsin
538,South Australian Health and Medical Research Institute
539,Virginia Commonwealth University
540,University of Kansas Medical Center
541,Northeastern University
542,Commonwealth of Massachusetts
543,Juniper Biomedical
544,NICHD
545,NIDDK
546,Florida International University
547,University of Alabama at Birmingham
548,University of Utah
549,University of Melbourne
550,Private
551,Wollo University
552,Washington University in St. Louis
553,NINDS
554,University of Texas at Austin
555,Georgia Institute of Technology
556,Feinstein Institutes for Medical Research
557,University of Central Florida
558,Industry
559,University of Louisville
560,Bayer Pharmaceuticals
561,University of Pittsburgh
562,University of Melbourne
563,Atrium Health Carolinas Medical Center
564,Laureate Institute for Brain Research
565,Virginia Commonwealth University
566,Istanbul University - Cerrahpasa
567,University of Texas at Dallas
568,University of Southern California
569,Washington University in St. Louis
570,NINDS
571,Universidade do Extremo Sul Catarinense
572,University of Grantham
573,Boston Children's Hospital
574,University of Utah
575,Baylor College of Medicine
576,Dignify Therapeutics
577,Children's Hospital of Philadelphia
578,University of Michigan
579,Houston Methodist Hospital
580,NIH
581,University of Kansas Medical Center
582,University of Kansas Medical Center
583,University of Minnesota
584,University of Melbourne
585,University of Michigan
586,Ohio State University
587,University of Tulsa
588,Lurie Children's Hospital of Chicago
589,University of Pittsburgh
590,University of Houston
591,"University of California, Irvine"
593,Howard University
594,Connecticut Children's
595,Washington University in St. Louis
596,Harvard University
597,NIDDK
598,Northwestern University
599,NIDDK
600,Mayo Clinic
601,Boston Children's Hospital
602,Dignify Therapeutics
603,Northwestern University
605,University of Vermont
606,Health Resources and Services Administration
607,University of Washington
608,Eastern Virginia Medical School
609,University of Houston
610,"University of California, San Francisco"
611,Stanford University
612,University of Michigan
613,Mayo Clinic
614,Mayo Clinic
615,University of Arizona
616,Vanderbilt University
617,Washington University in St. Louis
618,Mayo Clinic
619,Duke University
620,Duke University
621,University of Illinois Chicago
622,Drexel University
623,Baylor College of Medicine
624,Duke University
627,Stanford University
628,Mayo Clinic
629,University of Wisconsin-Madison
630,Baylor College of Medicine
631,University of Wisconsin-Madison
632,University of Wisconsin-Madison
633,University of Washington
634,Washington University in St. Louis
635,University of Wisconsin-Madison
636,Vanderbilt University
637,University of Colorado
638,University of Pennsylvania
639,University of Pennsylvania
640,University of Minnesota
641,CACI International Inc.
642,Indiana University Bloomington
643,dkNET
644,SCG
645,Vanderbilt University
646,Duke University
647,Columbia University
648,Columbia University
649,NIDDK
650,Ayurvedic Doctors for Orthopaedic in Indore
651,"SCB Medical College and Hospital, Cuttack"
652,Mayo Clinic
653,Harvard University
654,NYU Langone Health
655,University of Vermont
656,NIH
657,NIH
658,University of Wisconsin-Madison
659,University of Washington
660,"University of California, San Diego"
661,University of South Alabama
662,Duke University
663,Asia Pacific University
664,Vanderbilt University
665,University of Michigan
666,Stanford University
667,"University of California, San Diego"
668,High Specialty Regional Hospital of Baj√≠o
669,Riverside Medical Center
670,Ohio State University
671,Eastern Virginia Medical School
672,University of Wisconsin-Madison
673,Houston Methodist Hospital
674,University of Pittsburgh
675,University of Michigan
676,"University of California, San Diego"
677,East Carolina University
678,McGill University
679,Virginia Commonwealth University
680,McGill University
681,Clemson University
682,University of Pittsburgh
683,Houston Methodist Hospital
684,"University of California, San Diego"
685,Hackensack Meridian Health - Jersey Shore University Medical Center
686,East Carolina University
687,Stanford University
688,Santa Clara Homestead Medical Center
689,Indiana University Bloomington
690,Indiana University Bloomington
692,University of Wisconsin-Stout
693,University of Wisconsin-Madison
694,Carthage College
695,University of Florida
696,University of Wisconsin-Madison
697,University of Wisconsin-Madison
698,University of Wisconsin-La Crosse
699,Winona State
700,University of Wisconsin-Madison
701,University of Wisconsin-Madison
702,Stanford University
703,"University of California, Berkeley"
704,Stanford University
705,University of Pennsylvania
706,Mount Holyoke College
707,Stanford University
708,Emory University
709,Stanford University
710,"University of California, Santa Cruz"
711,Rice University
712,"University of California, Berkeley"
713,Duke University
714,University of Wisconsin-Madison
715,University of Wisconsin-Madison
716,University of Wisconsin-Madison
717,University of Wisconsin-Madison
718,University of Wisconsin-Madison
719,Columbia University
720,University at Buffalo
721,Columbia University
722,Columbia University
723,Columbia University
724,Columbia University
725,Medical College of Wisconsin
726,University of Michigan
727,University of Wisconsin-Madison
728,Duke University
729,University of Wisconsin-Madison
730,Let's Talk UTI
731,University of Alabama at Birmingham
732,Duke University
733,University of Wisconsin-Madison
734,Baylor College of Medicine
735,Private
736,GSK
737,University of Texas Health Science Center at Houston
738,"University of California, Berkeley"
739,University of Michigan
740,Private
741,Duke University
743,University of Wisconsin-Madison
744,University of Michigan
745,Boston University
746,Mayo Clinic
747,University of Minnesota at Rochester
748,Mayo Clinic
749,Columbia University
750,Stanford University
751,Stanford University
752,Stanford University
753,Columbia University
754,NYU Langone Health
755,Boston University
756,University of Texas at Dallas
757,Duke University
758,Labcorp Drug Development
759,University of Wisconsin-Madison
760,Exact Sciences
761,Vanderbilt University
762,Emory University
763,University of Texas at El Paso
764,University of Arizona
765,Vanderbilt University
766,Mayo Clinic
767,National Kidney Foundation
768,Indiana University Bloomington
769,Emory University
770,University of Alabama at Birmingham
771,University of Mississippi
772,University of Texas Southwestern
773,Harvard University
774,Yale University
775,Mayo Clinic
776,University of Puerto Rico
777,University of Texas Southwestern
778,Trinity University
779,University of Texas Health Science Center at San Antonio
780,Texas Tech University
781,Yale University
782,Eastern Virginia Medical School
783,University of Alabama at Birmingham
784,MedServ
785,Purdue University
786,Brigham Young University
787,Mayo Clinic
788,Austin College
789,Tennessee State University
790,Emory University
791,Mayo Clinic
792,University of Evansville
793,Trinity University
794,Mayo Clinic
795,Boston University
796,University of Texas Southwestern
797,University of Alabama at Birmingham
798,Miles College
799,University of Texas Southwestern
800,Columbia University
801,University of Iowa
802,Wake Forest University
803,University of Texas Southwestern
804,University of Arizona
805,University of Virginia
806,University of Pikeville
807,East Central University
808,Harvard University
809,Georgia Institute of Technology
810,University of Texas Southwestern
811,Yale University
812,Howard University
813,Emory University
814,University of Notre Dame
815,Mayo Clinic
816,University of Alabama at Birmingham
817,Mercer University
818,University of Texas Health Science Center at San Antonio
819,University of Arizona
820,Mayo Clinic
821,"University of California, Davis"
822,Emory University
823,University of Michigan
824,Mayo Clinic
825,Mayo Clinic
826,University of Alabama at Birmingham
827,Mayo Clinic
828,"University of California, Los Angeles"
829,University of Virginia
830,Mayo Clinic
831,Wake Forest University
832,BF Suma Pharmaceuticals Inc.
833,Wake Forest University
834,Mayo Clinic
835,University of South Carolina
836,University of Virginia
837,Yale University
838,"University of California, Los Angeles"
839,University of Texas Health Science Center at San Antonio
840,Brown University
841,University of Pittsburgh
842,Columbia University
844,Mayo Clinic
845,Harvard University
846,Emory University
847,Purdue University
848,Wake Forest University
849,Brown University
850,University of British Columbia
851,Emory University
852,University of Virginia
853,Siena College
854,Vanderbilt University
855,Emory University
856,University of Notre Dame
857,University of Alabama at Birmingham
858,University of Texas Southwestern
859,Mayo Clinic
860,Yale University
861,Mayo Clinic
862,University of Minnesota
863,Harvard University
864,Mayo Clinic
865,Mayo Clinic
866,Yale University
867,Columbia University
868,University of Virginia
869,Harvard University
870,University of Alabama at Birmingham
871,Vanderbilt University
872,University of Arizona
873,Emory University
874,Wake Forest University
875,Mayo Clinic
876,Austin College
877,Vanderbilt University
878,Cornell University
879,University of Texas at Dallas
880,Eastern Virginia Medical School
881,Emory University
882,Harvard University
883,Yale University
884,University of Texas Health Science Center at San Antonio
885,Stanford University
886,University of Arizona
887,University of Texas Southwestern
888,Wake Forest University
889,University of Wisconsin-Madison
890,University of Wisconsin-Madison
891,University of Wisconsin-Madison
892,University of Wisconsin-Madison
893,University of Wisconsin-Madison
894,Syner-Med
895,University of Wisconsin-Madison
896,University of Texas Southwestern
897,University of Wisconsin-Madison
898,University of Wisconsin-Madison
899,University at Buffalo
900,"University of California, San Diego"
901,"University of California, San Diego"
902,Mayo Clinic
903,Indiana University Bloomington
904,Children's Hospital of Philadelphia
905,Private
906,Private
907,Private
908,Private
909,Private
910,Private
911,Private
912,Private
913,Maimonides Medical Center
914,MD Anderson Cancer Center
915,University of Washington
916,Brigham and Women's Hospital
917,Emory University
918,University of Ottawa
919,University of North Carolina at Chapel Hill
920,Keck Medicine of USC
921,Keck Medicine of USC
922,Mayo Clinic
923,University of Southern California
924,University of Washington
925,Cornell University
926,Vanderbilt University
927,Baylor College of Medicine
928,Boston Children's Hospital
929,Boston Children's Hospital
930,University of Wisconsin-Madison
931,Duke University
932,University of Massachusetts Boston
933,Mayo Clinic
934,University of Texas at Dallas
935,Nationwide Children's Hospital
936,University of Chicago
937,University of Alabama at Huntsville
938,Duke University
939,Nationwide Children's Hospital
940,"University of California, Davis"
941,Nationwide Children's Hospital
942,"University of California, San Francisco"
943,Mayo Clinic
944,University of Toledo
945,University of Alabama at Birmingham
946,Vanderbilt University
947,University of Arizona
948,Vanderbilt University
949,Vanderbilt University
950,University of Utah
951,University of Minnesota at Rochester
952,NIDDK
953,University of Alabama at Birmingham
954,American Urological Association
955,Texas Tech University
956,"University of California, San Francisco"
957,"University of California, Los Angeles"
958,University of Alabama at Huntsville
959,Lewis & Clark
960,Oregon Health and Science University
961,University of Wisconsin-Madison
962,University of Wisconsin-Madison
963,Nationwide Children's Hospital
964,Stanford University
965,Stanford University
966,UW Health
967,Stanford University
968,
969,Stanford University
970,Stanford University
971,Stanford University
972,Stanford University
973,Stanford University
974,Stanford University
975,Stanford University
976,Stanford University
977,Stanford University
978,
979,Stanford University
980,Stanford University
981,University of Wisconsin-Madison
982,Stanford University
983,Stanford University
984,Stanford University
985,Stanford University
986,Stanford University
987,Stanford University
988,Stanford University
989,Stanford University
990,Stanford University
991,Stanford University
992,Boston Children's Hospital
993,Mayo Clinic
994,Western University
995,Western University
996,Western University
997,Western University
998,Lawson Health Research Institute
999,University of Alabama at Huntsville
1000,Western University
1001,University of Michigan
1002,Ohio State University
1003,University of Alabama at Birmingham
1004,University of Wisconsin-Madison
1005,University of Illinois Chicago
1007,Brigham and Women's Hospital
1008,Stanford University
1009,"University of California, Berkeley"
1010,American Urological Association
1011,American Urological Association
1012,NDRI
1013,Macon & Joan Brock Virginia Health Sciences at Old Dominion University
1014,American Urological Association
1015,American Urological Association
1016,American Urological Association
1017,Bladder Cancer Advocacy Network
1018,United Spinal Association
1019,University of Wisconsin-Madison
1020,National Association for Continence
1021,"University of California, San Francisco"
1022,University of Michigan
1023,Wake Forest University
1024,Brody School of Medicine
1025,Wake Forest University
1026,Hackensack Meridian Health - Jersey Shore University Medical Center
1027,University of Cincinnati
1028,Virginia Commonwealth University
1029,Medical College of Wisconsin
1030,University of Missouri
1031,University of Pennsylvania
1032,Stanford University
1033,Stanford University
1034,Duke University
1035,University of North Carolina at Chapel Hill
1036,Washington University in St. Louis
1037,Columbia University
1038,Duke University
1039,Boston Children's Hospital
1040,Houston Methodist Hospital
1041,Jackson Laboratory
1042,University of Michigan
1043,Texas A&M University
1044,Macon & Joan Brock Virginia Health Sciences at Old Dominion University
1045,University of British Columbia
1046,University of Notre Dame
1047,University of Texas Southwestern
1048,University of Texas Southwestern
1049,NIDDK
1051,University of South Florida
1052,Nova Southeastern University
1053,"University of California, Davis"
1054,University of Wisconsin-Madison
1055,
1056,University of Puerto Rico at Utuado
1057,University of Wisconsin-Stout
1058,University of Wisconsin-Stevens Point
1059,Bangor University
1060,University of Wisconsin-Madison
1061,University of Wisconsin-Madison
1062,University of Wisconsin-Madison
1063,"Southern Cross University, Australia"
1064,San Francisco University
1065,Purdue University
1066,Purdue University
1067,Dartmouth Hitchcock Medical Center
1068,Indiana University Bloomington
1069,George Washington University
1070,University of Wisconsin-Madison
1071,Medical College of Wisconsin
1073,Columbia University
1074,Columbia University
1075,Columbia University
1076,University of Richmond
1077,Columbia University
1078,Yeshiva University
1079,NDRI
1080,University of Pittsburgh
1081,University of Washington
1083,Columbia University
1084,Duke University
1085,Cleveland Clinic
1086,Cleveland Clinic
1087,Cleveland Clinic
1088,Columbia University
1089,University of Wisconsin-Madison
1090,University of Wisconsin-Madison
1091,Boston Children's Hospital
1092,Bethel University
1093,Harvard University
1094,University of Southern California
1095,"University of California, Berkeley"
1096,"University of California, Berkeley"
1097,University of Wisconsin-Madison
1098,San Jose State University
1099,University of Pennsylvania
1100,Vanderbilt University
1101,Stanford University
1102,Stanford University
1103,Stanford University
1104,Stanford University
1105,"University of California, Davis"
1106,Ohio State University
1107,University of North Carolina at Chapel Hill
1108,Macon & Joan Brock Virginia Health Sciences at Old Dominion University
1109,Macon & Joan Brock Virginia Health Sciences at Old Dominion University
1110,University of Wisconsin-Madison
1111,Icahn School of Medicine at Mount Sinai
1112,University of Minnesota
1113,Lurie Children's Hospital of Chicago
1114,Broad Institute
1115,Baylor College of Medicine
1116,University of Connecticut
1117,University of Wisconsin-Madison
1118,University of Wisconsin-Madison
1119,Medical College of Wisconsin
1120,Medical College of Wisconsin
1121,Medical College of Wisconsin
1122,Stanford University
1123,University of Wisconsin-Madison
1124,Loyola University Chicago
1125,Duke University
1126,University College London
1127,Duke University
1128,University of Pittsburgh
1129,University of Texas at Dallas
1130,Michigan State University
1131,University of Texas at Dallas
1132,University of Texas Southwestern
1133,Michigan State University
1134,University of Vermont
1135,Medical College of Wisconsin
1136,"University of California, Los Angeles"
1137,"University of California, San Diego"
1138,Georgia Institute of Technology
1139,Harvard University
1140,"University of California, Los Angeles"
1141,University of Texas at Dallas
1142,Vanderbilt University
1143,Albert Einstein College of Medicine
1144,Albert Einstein College of Medicine
1145,Cleveland Clinic
1146,Cleveland Clinic
1147,Emory University
1148,Emory University
1149,Northwestern University
1150,Northwestern University
1151,University of North Carolina at Chapel Hill
1152,University of North Carolina at Chapel Hill
1153,University of Alabama at Birmingham
1154,"University of California, Los Angeles"
1155,"University of California, Los Angeles"
1156,"University of California, San Francisco"
1157,"University of California, San Francisco"
1158,University of Michigan
1159,University of Michigan
1160,University of Virginia
1161,
1162,
1163,
1164,
1165,
1166,
1167,
1168,
1169,
1170,Macon & Joan Brock Virginia Health Sciences at Old Dominion University
1171,Stanford University
1172,Oregon Health and Science University
1173,University of Michigan
1174,University at Buffalo
1175,Broad Institute
1176,University of Pittsburgh
1177,University of Illinois Chicago
1178,Nationwide Children's Hospital
1179,Nationwide Children's Hospital
1180,Nationwide Children's Hospital
1181,University of Wisconsin-Madison
1182,"University of California, San Francisco"
1183,
1184,Michigan State University
1185,University of Wisconsin-Madison
1186,NIH
1187,
1188,Medical College of Wisconsin
1189,Medical College of Wisconsin
1190,University of Texas Southwestern
1191,
1192,Children's Hospital of Philadelphia
1193,Stanford University
1194,"University of California, San Francisco"
1195,Nationwide Children's Hospital
1196,University of Wisconsin-Madison
1197,Loyola University Chicago
1198,University of Alabama at Birmingham
1199,Children's Hospital of Philadelphia
1200,University of Illinois Chicago
1201,University of Wisconsin-Madison
1202,Michigan State University
1203,Vanderbilt University
1204,Vanderbilt University
1205,Vanderbilt University
1206,Vanderbilt University
1207,Case Western Reserve University
1208,University of Michigan
1209,University of Michigan
1210,Stanford University
1211,University of Michigan
1212,University of Wisconsin-Madison
1213,University of Wisconsin-Madison
1214,University of Wisconsin-Madison
1215,University of Rochester
1216,University of Wisconsin-Madison
1217,Millikin University
1218,University of Wisconsin-Madison
1219,University of Arizona
1220,University of Wisconsin-Madison
1221,Grinnell College
1222,University of Tulsa
1223,University of Wisconsin-Madison
1224,University of Wisconsin-Madison
1225,University of Wisconsin-Madison
1226,University of Alabama at Birmingham
1227,University of Wisconsin-Madison